Components,BIC
2,-1206521.979165212
3,-1022238.3206243754
4,-862697.2638508205
5,-716237.1130275505
6,-543405.2703569217
7,-360126.7552350492
8,-151564.35039077094
9,51190.179359752685
10,267295.304335305
11,558898.8238914306
12,773139.9937995779
