Components,BIC,AIC
2,-1190570.4845140637,-1624842.8161983541
3,-997984.8421273627,-1649395.7930311875
4,-838953.5413733567,-1707503.1114967158
5,-681821.0937397382,-1767509.2830826319
6,-496033.3842365879,-1798860.192799016
7,-265675.49481740966,-1785640.922599372
8,-88880.45715186559,-1825984.5041533625
9,124652.9442163175,-1829589.722004714
10,377603.3907933007,-1793777.8946472653
11,609270.8916846984,-1779249.0129754022
12,868266.555089761,-1737391.9687898736
