Components,BIC,AIC
2,-1118316.398921162,-1552588.7306054523
3,-932133.7348112501,-1583544.685715075
4,-771872.6223149481,-1640422.1924383072
5,-609625.595064728,-1695313.7844076217
6,-383872.3634500548,-1686699.1720124828
7,-190035.14711288968,-1710000.574894852
8,-11788.129613847472,-1748892.1766153444
