Method,N_Clusters,N_Noise_Points,Noise_Percentage,Silhouette_Score,Calinski_Harabasz_Score,Davies_Bouldin_Score,Adjusted_Rand_Index,Normalized_Mutual_Info,Stability_ARI
KMEANS,3,0,0.0,0.2144114130206139,309.6497112611496,1.5129646733950457,0.11895819030404559,0.2136987887558792,0.9962171419880873
HDBSCAN,2,654,65.46546546546547,0.21566127041658512,89.83523356126716,1.7015281692280282,0.08198638396421046,0.18504691371714832,1.0
GMM,2,0,0.0,0.12617512459077665,162.70206645373202,2.2402993974325787,0.05755850709862602,0.12956279428552195,0.55026424667016
VADE,3,0,0.0,0.09435663871467286,137.53632016046237,1.6623519481135827,0.14588402129388112,0.46461676242191513,0.4251488073183397
