Components,BIC
2,-1118316.398921162
3,-932133.7348112501
4,-771872.6223149481
5,-609625.595064728
6,-383872.3634500548
7,-190035.14711288968
8,-11788.129613847472
9,228726.65067373076
10,502885.9666260374
11,716395.6693180022
12,1000388.9924110482
